,level,slope,curvature,F1,F2,F3
1986-02-28,10.118688393648158,-2.822466819374492,-2.1440116738723192e-05,1.5555147787868997,-3.459523276429504,2.2863590017312636
1986-03-31,9.02288601770732,-2.1812482890785185,8.727761751645634e-06,1.0140830134954233,-3.237897458919286,2.2124665426195746
1986-04-30,8.006493964163187,-1.8190230782464107,-9.382275081910212e-07,1.14835140772662,-1.4653797898676448,2.0537965557406808
1986-05-31,8.33165736064725,-2.3351755670240104,-2.409758761823922e-05,1.5298947420831233,-0.7626994591593574,2.4823566563502384
1986-06-30,8.622543683573237,-2.4953219824753563,4.55256420044223e-05,1.6433194694982904,-1.7211206806419588,2.618096055206171
1986-07-31,8.436961720525694,-2.6179461864637528,2.7992152290524035e-05,1.4363214297962843,-1.323817518319241,2.269170098930092
1986-08-31,8.527092598302044,-3.026741937840991,1.9320343348177226e-05,1.5286079394754066,-0.5554769568385178,2.4026846509373803
1986-09-30,9.05916974786885,-3.889694686222485,-5.167546803218223e-07,1.4249593788084325,-0.4187406719704413,2.8054993747913053
1986-10-31,9.121190834863537,-3.8652196122551854,1.9948570373913315e-05,1.4435055478259877,-0.18711840799551732,2.7242292643864867
1986-11-30,8.810235795934036,-3.4480570311383163,2.9322234067283325e-05,1.2004971275709182,-0.6296959720986801,2.4202841199024947
1986-12-31,8.81191280451678,-3.2230884754949085,-0.00025214710465568216,1.3945673173158348,0.4371495399868218,2.071492848045497
1987-01-31,8.630809241572011,-3.0692314699442123,6.183576254265976e-05,1.8746161689673728,-0.5632977766238827,2.3069449261237693
1987-02-28,8.709891201575994,-2.8982760179729277,-0.4856122556488493,2.2059272581684213,0.5636722554735278,1.715134164651105
1987-03-31,8.550356155995301,-2.738160101278974,-4.5745154116537596e-05,2.12597678294654,-0.2403472134961151,2.1565062649576214
1987-04-30,8.860990377007628,-2.953922125004507,2.846603733941034e-06,2.902497106519075,0.026165031093622587,2.99122579171206
1987-05-31,9.021439786299329,-3.1914731167653883,6.896871049974471e-05,2.6790574157754024,0.016099578039520127,2.7380325239936987
1987-06-30,8.951968755133358,-2.9376261708879934,-1.9109191763116843e-06,2.2872036362962103,-0.026184751757118825,2.357809215963401
1987-07-31,9.215785155407355,-3.2230780492852724,1.3863996867176641e-05,2.434930762264294,0.21104302522643278,2.3875595202824247
1987-08-31,9.469395823346991,-3.3095299171419934,-3.7831018630103154e-05,2.7264115371041613,-0.06336301013341561,2.4793336250040334
1987-09-30,10.011065927896762,-3.3635403537624478,6.608775445579854e-05,2.950365905637153,-0.018544417510213424,2.7759043406759214
1987-10-31,9.935076325746403,-3.2117552620688743,0.00011896360019166555,3.23464162797013,0.36654856874624725,3.422138737529524
1987-11-30,9.368372789113666,-3.3649388619024485,1.5045566678602035e-05,2.0153932055795583,-0.24122405208705386,2.41483473934466
1987-12-31,9.182938133603761,-3.323971842109543,1.176253416980801e-05,1.7578841839355392,-1.4370338064376793,2.3645723071948406
1988-01-31,6.967202741828094,-0.6072202123640551,7.5399480624684925,2.5249633100220015,-1.0633405208959776,2.7832281027944803
1988-02-29,4.309961996691373,1.8111484711446855,11.36331655888423,2.070083292855151,0.5787944648844264,1.589928134563857
1988-03-31,4.536927588660003,1.6145588623004223,11.649398024347057,2.4290742094903135,-0.021879242978301402,2.305297988801912
1988-04-30,5.283838628854125,1.0537732443084649,11.180477799259151,3.25399181567612,0.5407642262593949,2.887671728395646
1988-05-31,9.293420487862143,-3.043507656000942,-2.5699189138094197e-06,2.5258452177970283,-0.9108827016514557,2.401748797240702
1988-06-30,9.06820771359024,-2.7811475257048754,2.1253367681289046e-06,3.2853652403762506,-0.07855830837717738,2.4612304880375
1988-07-31,9.180977716950293,-2.4848943461471165,-5.665780955764335e-06,3.3396450334682015,-0.770758484440013,2.364374572232966
1988-08-31,9.311148079973844,-1.9811606654533798,5.545231510888099e-07,3.3631632217920684,-0.2512895361892141,2.011941073402197
1988-09-30,9.060432599518384,-1.5507102899532015,3.1076817560519235e-05,4.221182742752972,-0.4330686075412189,2.3329557542715054
1988-10-31,8.874883638016321,-1.3086522013915607,2.824481360178895e-06,4.0334642683904995,-0.2612863363871641,1.9337716739512203
1988-11-30,8.934562811294317,-0.9147024213119951,0.00010998839508416186,3.689571726332876,-0.8058426985023798,1.6885182435930934
1988-12-31,8.842349787275177,-0.9872565682430978,1.5045951782688078,4.163114777923667,-0.3163176041818912,1.7826583752725804
1989-01-31,8.445977578797347,0.07916382270869712,1.956346343521568,5.128983023163869,0.1696582939375629,2.005446609021103
1989-02-28,8.589611459361532,0.1685780723306968,1.8080197845962767,4.41182635267481,-2.086505729983177,1.265537273964292
1989-03-31,8.795318166811501,0.2679483666546165,2.199859802336365,4.933913676964151,-1.5421546030284068,1.6934486512572478
1989-04-30,8.726125291260114,0.14105160781633747,1.9293262931145452,5.059077897994953,-0.2878398962474983,1.8176801962138698
1989-05-31,8.64158387844178,-0.012372196713184286,1.0890748608670127,4.630919730844254,-1.6168245557406165,1.5357961718161994
1989-06-30,8.124344518238644,0.5785830566428342,-0.19117047220037658,4.096799016096409,-1.7467825115005446,1.376233167962341
1989-07-31,8.067544330284544,0.2817806992658273,-1.561253483947761,3.5269878758281363,-2.5647917147980994,1.4219013951757447
1989-08-31,8.055124218522906,0.16069171310403577,-0.41040648174282757,3.3584951203963453,-1.7004301663278913,0.8346508251575714
1989-09-30,8.072325216638037,-0.3309129328697688,0.9628308841229114,3.864188981835083,-1.5757765124701166,1.3985577861521625
1989-10-31,7.902253100870413,-0.8598147806180667,1.73595395950507,4.378013754214217,-0.8892978211482466,1.7131944278815974
1989-11-30,7.872006356898556,0.28108627042277756,-1.00517949514629,3.623671116179373,-1.2226579587050943,1.3997244378208118
1989-12-31,7.905510214352235,0.20227959609267918,-1.125420408357336,3.4469428880340223,-1.1994067887210758,1.350850522884055
1990-01-31,8.225536735183786,-0.1537188392148959,-0.7395686492948537,4.540740659751101,1.2669807719690784,1.4874223218194995
1990-02-28,8.47803124451852,-0.4329857122517923,-0.45932930140372585,4.485991528045256,-1.2024594683420178,1.8217917323869615
1990-03-31,8.50063808423658,-0.5766273554186754,0.5772505447709917,4.504385748007366,-1.1622022115673287,1.989513419383482
1990-04-30,8.700856840718318,-1.2198420149121953,-2.54274710122866e-06,3.2573593945054244,-2.430461193094071,1.4866849395916282
1990-05-31,8.546643774888917,-0.44111961901651153,1.0541518897050326,3.540593946708813,-1.138871857450311,1.3273969608472445
1990-06-30,7.72640249572942,0.2617291338879359,2.0214724752750173,4.087945216678801,-0.9192250021386236,1.8148860074403619
1990-07-31,8.46905591193438,-0.49263757118839774,-1.1781786972718464,3.514086852565808,-0.9150687338224923,1.673534627519309
1990-08-31,8.93094365940671,-1.1458529002669708,-1.7910725572409985,4.3648175013817285,1.3401817483653427,2.875961466034016
1990-09-30,9.090999606808099,-1.4515373909078748,-1.5752961651094497,3.384322762921397,0.11720293947066816,2.627041635751189
1990-10-31,8.943584986829196,-1.519097995356579,-1.4617685622046117,2.954529284699351,-0.4896548382988493,2.569479710185522
1990-11-30,8.657870434105995,-1.4877445406072352,-1.3842675779204865,1.5909288183813466,-2.0388287279034203,1.8742621646972897
1990-12-31,8.352206562646204,-1.4108667306625011,-1.3159870034656285,1.6772599457081003,-2.6351763813658904,2.1735273597291367
1991-01-31,8.42138447672399,-2.0277072978897546,-1.431826122116911,2.4633704369911213,-1.0399218529618797,2.915354389574421
1991-02-28,8.227710521708126,-2.2444083589959503,-1.585519746366219,1.0399135645768809,-1.4395754881722418,1.8439388407537889
1991-03-31,7.960822698054182,-2.0503131904481404,3.8480548146201943,0.6037539067521295,-1.7243290114551344,1.872836458928305
1991-04-30,7.743686402970759,-2.0998871372659136,4.441543005189676,1.0594686752197369,0.08902774185314699,1.9451177717396317
1991-05-31,7.89593430682086,-2.5126325801960547,4.573494514553432,1.5374583351487483,1.0000447187320498,2.3837396506507766
1991-06-30,8.454475278638528,-2.939344028117813,3.1973319980994566,1.3097119517107716,0.26579976992470605,2.3283480040501403
1991-07-31,8.437571317650614,-2.9365330130257687,3.310662718409668,1.361544221498339,0.2925322446308141,2.29242094955666
1991-08-31,8.472071270279178,-3.182125977721065,-2.501804669793889,1.3430913523464323,-0.01838079236191567,2.304163470511488
1991-09-30,8.318835925169163,-3.2063353992965298,-2.4301130014287455,1.396952937221991,0.799309385419582,2.2548203450198225
1991-10-31,8.387117717792353,-3.5033684160779837,-2.52104623475226,0.4492247519843801,0.20627215012478214,1.9518621821995865
1991-11-30,8.464290723420174,-3.975106906347422,-3.0931463613391337,0.11697783376891575,-0.18743265224808886,2.3308085172427773
1991-12-31,8.347133939940756,-4.375166153778019,-3.5284051420355413,-0.4684657890058687,-0.43305115560217333,2.414950749394974
1992-01-31,8.259458038075405,-4.668780561949579,-3.3960987321714646,-0.6193227088048694,0.09833847365542793,2.268557781947317
1992-02-29,8.552710267470625,-5.025481396191585,-3.0653080785639246,-0.4036985225078688,1.260132454065982,2.3969082629984073
1992-03-31,8.52792151506129,-4.832597583867802,-2.0860261333434336,0.14340576776949257,0.9929062295358453,2.521509025824157
1992-04-30,8.631855888211268,-5.258644219018896,-2.80590529359308,0.21628752041852364,0.9619672455658308,2.7285151851881677
1992-05-31,8.603772464604024,-5.360648691892019,-2.8777373362926957,-0.1167405161873704,1.3141625730375532,2.5448887081778624
1992-06-30,8.653057442433619,-5.278475462609296,-2.8198188507965023,-0.5932087398412519,0.7155627542894781,2.3889785032248354
1992-07-31,8.43843362599643,-5.423690123515197,-4.1127914107740144,-0.3665568390059229,1.341470747537144,2.672520321336018
1992-08-31,8.293635228392008,-5.386756029321991,-3.9565164053135264,-1.2404704636660233,0.16232755163057644,2.1380853726409064
1992-09-30,8.246135821431405,-5.567183539878021,-4.450117728512451,-1.2202728659242612,0.5500950064331216,2.352186950069001
1992-10-31,8.592291532648689,-5.8510852399871816,-3.9110231764254575,-0.22867803420294272,1.8313188355123635,2.9079002214192897
1992-11-30,8.495809473440119,-5.520454444158567,-3.0562315797612065,-0.704448497851614,0.4591512386465872,2.361047316859857
1992-12-31,8.202891996543967,-5.180885707518768,-2.933750562249852,-0.6997210872380445,0.5669315670707341,1.9211230894116067
1993-01-31,8.240612569871885,-5.288767702057126,-3.62979650776303,0.04619068206980086,1.3324970993838539,2.1425107887183827
1993-02-28,8.193551055551021,-5.294435812404602,-3.3895088954948966,-0.10189541986220652,1.1416853732061156,1.8972272345090506
1993-03-31,7.95328448321043,-4.9601612630101775,-3.8617798639145753,-0.8535228268479109,-0.41427347893184213,1.6403088075832433
1993-04-30,8.03676463633647,-5.135541980315754,-4.073394624463961,0.10840460784785513,1.587745537567949,2.062078701941995
1993-05-31,8.155457400970617,-5.277964208459472,-3.1117225602213834,-0.4911181861766516,0.4022500712798332,2.1031030065007985
1993-06-30,8.071888160622413,-5.065728363519404,0.00021717585039591995,-0.7457643434777297,0.015788115366022298,1.434362955569465
1993-07-31,7.8028714091069356,-4.818970776391406,-4.137275579838126e-05,-0.5580367016746164,0.22135106365628193,1.3452192905417009
1993-08-31,7.276187323577861,-4.285006083458786,-2.012621191325012,-0.1642984772953561,0.48746867151103107,1.3685423004723771
1993-09-30,7.357259009242721,-4.422050414726876,-0.006513357861057799,-0.4818064984537654,0.45399773621702516,0.9417344011768245
1993-10-31,7.341587609239174,-4.357835618339906,0.00011953506153180443,0.36115028925069154,1.2779210651663084,1.229777524970443
1993-11-30,7.435418042278916,-4.397777844800446,7.517195317275451e-06,0.10105412132215394,0.5364538288652154,1.339736832484259
1993-12-31,7.35092947497613,-4.317803930511538,2.4898567226779562e-05,-0.13497740245166173,0.5582096300875624,0.8835177731136863
1994-01-31,7.413439922828961,-4.454465755773572,9.56352147028231e-06,-0.3990299186179132,-0.6308884042948629,0.860470154437474
1994-02-28,7.44351648980966,-4.196416855760039,0.0006043814586170499,0.06338763152150217,0.1584434706324213,0.9633574171011199
1994-03-31,7.621934071660419,-4.094276604497759,1.1360976550301168e-06,1.0594873976628818,1.9599414094070686,1.4170800579542242
1994-04-30,7.748857415086296,-4.11516995582173,-0.00010746367297285986,0.38772624941966194,0.5105756443867095,1.2591924981877267
1994-05-31,7.760782004768461,-3.691540715678365,-2.5115002644404606e-05,1.172466015950987,0.5984333610854273,1.2634754497075942
1994-06-30,7.719166603478534,-3.5868105303295144,6.951505288488723e-05,1.4064219419731294,0.5308559314944479,1.4324920757921995
1994-07-31,7.898713664439645,-3.643452920679956,-1.4378384969170037e-05,1.050408082538082,0.15260985766301313,1.4336421633606404
1994-08-31,7.857025110448199,-3.4526744951506627,1.7645254485785809e-06,1.3704836593270902,0.55806646844493,1.0360520896646277
1994-09-30,8.131576219924524,-3.457028308190292,3.937424785067192e-05,1.3237137968202883,-0.01638271344539842,1.0800533554913179
1994-10-31,8.220923208458803,-3.2764032832444956,-1.0708003105243418e-06,1.4289323156550873,0.09837866554945296,1.0716101972401335
1994-11-30,8.258549700275838,-3.1461862458512355,5.45145932462384e-05,1.994025528521405,0.24438714219818056,1.1894387150206445
1994-12-31,7.868782248061615,-3.949111320327196,-1.993626073363696e-05,1.7761708845516695,-0.3075240752858165,0.3418067629195623
1995-01-31,7.846959328024204,-3.055688643486007,-1.8176035183592622e-05,2.7714849851646592,-0.42061950812011806,1.1723800449969448
1995-02-28,7.6903831373045755,-2.0017916952371007,4.8472552069787176e-05,2.333497071456409,-0.8505597701945047,0.5418811053940557
1995-03-31,7.784214068156726,-1.8512943964685682,1.1536750051181357e-05,2.310252789079876,-0.7177965537332839,0.7739960846424527
1995-04-30,7.649452829358946,-1.773553673343515,2.8595858256737577e-05,2.102454220434047,-0.37993080720321154,0.8203389567450401
1995-05-31,7.447929490267994,-1.6655279692487455,-0.5183296116444822,1.6113218976321673,-0.8025018174412321,0.26553302770241693
1995-06-30,7.289128649578936,-1.608641237733633,-2.0797354386393785,1.6674339459094947,-0.9697592105045415,0.13732022342157052
1995-07-31,7.3554263910290185,-1.8188432933429701,-1.2904478193153361,1.3785637614967994,-1.3063489267682271,0.07139939079340193
1995-08-31,7.387184449595393,-1.8546335187883476,-0.16860155422655063,2.0597017583270048,0.11511485581443037,0.462673594436453
1995-09-30,7.156486981813726,-1.6631669906499267,-0.8128282282819719,1.7257915700580944,-0.5763502555296942,0.16429069627248208
1995-10-31,6.959482538446885,-1.4446152511124017,-1.1083780095346265,1.935021206625667,-1.1208280028084343,0.1639957355232793
1995-11-30,6.9593775246689535,-1.4562152734143514,-2.0175498169551176,1.4661356445275624,-0.7520490807283085,-0.11824338679524753
1995-12-31,6.839838944024618,-1.538931742635864,-1.7818810264539529,1.2485507314956679,-0.7773975932342774,-0.1780711445674009
1996-01-31,6.679910120731523,-1.396338827793258,-2.6961276616284566,1.4101652755487175,-1.0660873532774873,-0.1066565381969866
1996-02-29,6.94709403871226,-1.9002367054142555,-2.8498709267903326,1.550532249481326,0.4386123830214281,-0.11787553187196041
1996-03-31,7.108466421737948,-2.066958735652458,-0.00013399781815743764,1.5257886397898426,-0.7090793722317026,0.5903918522500206
1996-04-30,7.116368474445697,-2.119609210362596,0.00014934371891340268,1.6140985563372423,0.8132856335766374,0.2731400646379301
1996-05-31,7.198847753791756,-2.1910503035534203,7.531975288413946e-06,1.6687709549277532,-0.2571880113649569,0.4483180583490113
1996-06-30,7.24654966368007,-2.2244401347964065,0.0001375989556497959,1.622958309039234,-0.6096007075778984,0.3760002086257891
1996-07-31,7.183575330362055,-1.991476437014093,-1.6724603769012133e-06,1.6498814700673807,-0.5694250207236428,0.43204470056668687
1996-08-31,7.064188048682327,-1.9492152887357506,1.5435993393839983e-07,1.7329875361739144,-0.4842258910740429,-0.017302289718246426
1996-09-30,7.253984250356335,-2.188901343346636,-6.601074654550865e-06,2.3704203719422288,-0.07934563748761438,0.7064827287480897
1996-10-31,7.133522429659567,-1.9838126084715746,1.9921150568385825e-06,1.853995694645451,-0.9625087571243623,0.36164620353925603
1996-11-30,6.917486733340088,-1.6971275381270015,0.00016238654107248753,1.917867903735862,-0.18575011580194978,0.1141621011803061
1996-12-31,6.886367651574795,-1.6786697662256733,-3.996167113329974e-05,1.469734806302104,-0.7961236878817861,0.13333970959861613
1997-01-31,7.062421911457009,-1.8274000060553746,1.074530172461203e-05,1.7124506946376998,-0.7441121427064673,0.16083320028693834
1997-02-28,6.969455805445371,-1.7853033805452134,0.0002528506644553041,1.9864725799901488,-0.05765505654138467,-0.16371879990125138
1997-03-31,7.110230758417307,-1.7784687195150968,-1.4954501139124152e-05,1.9149001234042942,-1.0289414982609522,0.2010947978246391
1997-04-30,7.170887278392779,-1.8283073081811752,-7.542085029236368e-06,2.073320331457776,-1.3571468173196086,0.3554730053508298
1997-05-31,7.012187055661482,-1.715403491004882,-1.9610636350780592e-06,2.0463993609937203,-0.8155339545787861,0.037757759152846564
1997-06-30,6.867816707547619,-1.615332267298666,2.3276412030789098e-05,1.7155762359207858,-1.1011305769047126,-0.19738612411621267
1997-07-31,6.659488482187091,-1.3109429399353667,-2.3228494704236555e-06,1.9845884923388102,-0.8536850477420941,-0.3322035287813042
1997-08-31,6.7454571520257804,-1.3376025170258914,1.740792928995894e-05,1.682179608290778,-1.0478056867967105,-0.37751278016497397
1997-09-30,6.640372237089121,-1.377599074801229,5.6887889734292934e-06,2.6124714566688225,0.08022447908727229,-0.10350774210483554
1997-10-31,6.500029672413461,-1.20430250651985,4.540360466898281e-06,2.4632757222892683,-0.3956911489617337,-0.1580724267723297
1997-11-30,6.3244567600900226,-0.8377078838755125,-0.12030128849967477,1.9182488735547507,-1.4063792039789693,-0.6561543654224621
1997-12-31,6.176066398333502,-0.6057883352261879,-0.3294297242019354,1.93936290706758,-1.7546367164088228,-0.5187405233605146
1998-01-31,6.116622583935037,-0.7210602370003713,-1.28845476926286,2.1603042049470855,-1.510491529538553,-0.6998348312469274
1998-02-28,6.167576840915173,-0.7352700163110903,-1.2189639943108403,1.8776762862008007,-1.5822019726182774,-0.9040097174386217
1998-03-31,6.162389897279177,-0.7313010372390574,-0.6099003757031349,1.7324898156728445,-2.1682259378482387,-0.6617449260853173
1998-04-30,6.1612681093423225,-0.8110234082273385,-0.15646649792099923,2.2049021788554226,-1.4140573569245014,-0.6894113125060619
1998-05-31,6.1648162118365395,-0.7874758657356116,-0.06300823730961197,2.389778658056116,-1.0728419999766945,-0.6759635203176138
1998-06-30,5.871786621879916,-0.6143599772295512,1.2390300894989652e-06,1.5228590450741286,-2.661143731265678,-1.195467278016915
1998-07-31,5.8594174674034205,-0.5342091197119302,-0.23627508132641845,2.360143646977494,-1.3063912159825652,-0.4302405723364044
1998-08-31,5.774294412445419,-0.5389511184323835,-0.6429456135818206,2.693938317242616,-0.10590952057225467,-0.5524392427441129
1998-09-30,5.822329583944186,-0.742733962346182,-2.5676515243090243,1.231106859223598,-1.974776032933054,-0.8155001191274549
1998-10-31,5.817976235448759,-1.2890429282208236,-2.9713121048192557,1.4510017157374355,-0.5694816443219305,-0.545047551001556
1998-11-30,5.9469433098094715,-1.1898998551247333,-2.203375538261686,1.0992770342158404,-2.2965149415269015,-0.8248332657557162
1998-12-31,5.835420020086539,-1.0723732826058345,-2.411352944749073,1.7788303037353468,-1.2045425792569753,-0.6784190060669498
1999-01-31,5.799068780597258,-1.1818494151939545,-1.5644933140082762,1.6184527407194258,-1.1364418253822324,-0.8903970365658436
1999-02-28,5.83310180090977,-1.1781538402978555,-0.6389686912484468,1.1990436888848104,-1.4720516852974121,-1.2570649131709195
1999-03-31,5.952271972730458,-1.2960470426053425,-0.054865705515655505,1.5434684723428311,-1.0065868427457902,-1.0937658242548889
1999-04-30,5.967113581346403,-1.4279368082686557,-0.028947577242353296,2.592643056920303,-0.26394770897523734,-0.04002813222265595
1999-05-31,6.076719467755389,-1.452152303568634,-3.861754373368049e-06,1.6037717951446806,-0.5617726461583451,-0.8068210761921152
1999-06-30,6.236508702967311,-1.5421393730335233,0.0002512108698050703,1.271847322257858,-1.520555660399064,-0.7977654093910215
1999-07-31,6.1583175605179115,-1.4353847922122072,-2.7843307274297014e-05,2.3684870906794626,-0.20290117218975318,-0.16764770267162846
1999-08-31,6.316082945100563,-1.4508749525371305,4.398221601221365e-05,1.8937918038785262,-0.7212272140986967,-0.47069798658813644
1999-09-30,6.384925863301594,-1.4099887777383735,-7.036357973395411e-05,2.4230601221076102,-1.0280016440806325,0.0018527813732567772
1999-10-31,6.50951668705587,-1.571578835818623,4.404722302219833e-06,2.063479435110142,-0.5037212596214126,-0.41273767444337595
1999-11-30,6.307260390822561,-1.1094792906790047,6.025122280877948e-05,2.1582456217417323,-0.7587955532456231,-0.4187377600424916
1999-12-31,6.462528137261273,-1.2283408950942787,8.183532862884459e-06,2.0741588056183926,-1.139828980801097,-0.2759251556894511
2000-01-31,6.683126646929977,-1.5359664210096307,1.552855260347855e-05,2.9955510841606237,-0.9219896733695069,-0.21769966406522426
2000-02-29,6.008212299071474,-0.493825668972117,3.041978277320063,3.0258090304462164,-0.3744553389555439,-0.8431205974543978
2000-03-31,5.8998174646059605,-0.10926024420435798,2.2575916708649855,3.4131211163090365,-0.6323919430183745,-0.20553741581539978
2000-04-30,5.906574881578221,-0.2400439751050541,1.8210871248088856,2.214228806832429,-2.367915763167578,-0.9065500457687549
2000-05-31,6.232106163507068,-0.49152247625695195,2.6097323277464017,2.9485300304219346,-1.2137551743326815,-0.654636829702566
2000-06-30,6.044230782573909,-0.4481354374596789,2.1785110637775915,3.0692994967081253,-0.8012283880986327,-0.5100398057748406
2000-07-31,5.968658423618387,0.061686502932269696,1.2399908983568,2.856113023738981,-2.056962741105041,-0.5907489610909029
2000-08-31,5.805578147837789,0.38843712513588574,1.1383415779276786,2.3706945417143324,-2.3384345025669986,-1.0491786197473645
2000-09-30,5.923127812332981,0.4178179073188066,-0.5534667939411443,3.229913592659376,-0.5482413866729653,-0.46260922119805137
2000-10-31,5.991497121568043,0.4625570627944355,-1.4193976492246778,2.451083859835505,-1.9358277182378423,-0.986502690952904
2000-11-30,5.931404523154146,0.6295482064341369,-1.5970478077979002,2.6982439458983336,-1.8453731195246261,-0.9331261190333929
2000-12-31,5.756309720321558,0.5462245871350824,-2.683685831729316,1.5698235229748192,-2.927663414074691,-1.1323458138700895
2001-01-31,5.926358948828413,-0.3587645401729576,-3.2577476465115804,2.5739990081184687,0.009993109863382406,0.05994705520502556
2001-02-28,5.904679391374837,-0.6504419948503143,-3.035747305349069,1.2088131183820088,-2.399311549875751,-0.6972564580928124
2001-03-31,5.880420181344003,-1.1147018107930093,-3.147572540504811,0.5671208747482429,-2.51790454023279,-0.6167229704879876
2001-04-30,6.2421366715113535,-2.033788159470334,-3.034594191683735,0.4986001463553664,-1.4675534833083836,-0.030928910653270792
2001-05-31,6.253439419529342,-2.36019866979767,-2.9487791609775456,0.5957300221751972,-0.862615346375934,-0.34286435709055557
2001-06-30,6.137249965673564,-2.384877359753199,-3.2770887790732828,0.5788766773390801,-1.49360600547272,0.20782014299979004
2001-07-31,6.04684648861231,-2.155601383409503,-3.93538446063964,-0.06741758188723487,-2.037079884166158,-0.10659605678634818
2001-08-31,5.9449333699998625,-2.2014597494693926,-4.2030398999165035,-0.40933944160669317,-1.3417678664921708,-0.2244342448403241
2001-09-30,6.160561592776592,-3.27879548180945,-4.525086805548262,-2.4893501899619457,-2.6992593618152325,-0.16831346617047435
2001-10-31,5.988242313036526,-3.5663648133440073,-5.1556877228907245,-0.9721214940048671,-1.4167720239875663,-0.014598710843459513
2001-11-30,5.814596194437043,-3.7706487291408837,-4.840739307489932,-1.7037809875630903,-0.9111674694471739,0.33171704946038466
2001-12-31,6.204429795975739,-4.184874719050301,-6.082540481015202,-2.1855232435790017,-0.9306666832270541,0.3977196114036187
2002-01-31,6.1400275720424435,-4.027109677247891,-6.443820671592182,-1.4801178572655467,0.6050948684541358,0.19707127623337764
2002-02-28,6.076917867825086,-4.121317182996509,-5.36855875725666,-1.2680431445173528,0.5799624706669233,0.37653004084826175
2002-03-31,6.328301545364995,-4.542253195783248,-3.956553972099261,-0.98258517889932,0.6955362969840997,0.5100447274697261
2002-04-30,6.267008525049313,-4.467320661915902,-4.450668011417891,-0.48194097264714786,1.0664436506908952,0.9160643998673301
2002-05-31,6.257623117862796,-4.395859547466105,-4.859066290936202,-1.3077773861058144,0.7666358477574956,0.34697606318320406
2002-06-30,6.2344611913184735,-4.363897376346173,-4.944175743513798,-1.447731259400067,0.5370784623258211,0.35123210416919814
2002-07-31,6.257496149418665,-4.127435273408335,-6.582301642640876,-1.6586400009135107,0.09067713269106124,0.5956001615692319
2002-08-31,6.072707381072608,-4.127137576417151,-6.348939417292817,-1.195268007379339,0.2706465308801954,0.5915765736089361
2002-09-30,5.8634653784792405,-4.0618933101648445,-5.481673067552558,-1.5641297093048658,0.6933414965708774,-0.06844217281007613
2002-10-31,6.131436524570773,-4.439043984350973,-5.7363600967200465,-2.1864833609197296,-0.31587185213414937,0.1601869712074406
2002-11-30,6.036515714406602,-4.426376636583663,-6.141169117459657,-2.184481977508862,0.25623198709367956,0.31611549974129066
2002-12-31,6.023094078458976,-4.678200401016915,-5.519317412622796,-2.4001595794385873,0.12143961710360272,0.21524084981979594
2003-01-31,6.052206264684051,-4.654230529472962,-6.0993092730425875,-1.7334749314437217,1.8723725198888892,0.31482127592175807
2003-02-28,5.933195968795304,-4.5036109091097885,-6.317002932512742,-2.030900682442145,0.8677456521426378,0.27828891863111327
2003-03-31,5.9754060490026015,-4.616873420786097,-6.155673338940627,-2.1437867889432396,0.4950582465092423,0.0912486963038631
2003-04-30,6.028445106672906,-4.664551681593068,-6.225233636568182,-3.4174597959784254,-2.155728119258605,-0.42524204321191045
2003-05-31,5.699975846680691,-4.419322718486016,-5.992391348634622,-2.291063465420326,0.064242794764078,-0.019926945638184625
2003-06-30,5.656762697248734,-4.579989494039871,-5.864651303373634,-2.3900160029502096,0.990825115146487,-0.3157587889920785
2003-07-31,6.376613800967386,-5.2983383177401056,-5.343277443173892,-2.035181412347456,0.9346976406766991,0.35423965340119323
2003-08-31,6.3832197717673616,-5.23860908042904,-5.917131649132891,-2.2741044156640986,0.46282785573964946,0.5605273345095048
2003-09-30,6.242937255648707,-5.014763850041807,-6.428856625768286,-1.8211905867545957,1.394270837854926,-0.043797502977764545
2003-10-31,6.262175048608989,-5.135363309835151,-5.861689213324305,-1.8042423830375105,1.187486742588318,0.15924635657840616
2003-11-30,6.157693618142525,-5.09487292902331,-4.924071645196411,-1.89694639693531,0.9121622352833451,-0.06564010853656196
2003-12-31,6.0914904397199034,-5.052227424690412,-4.901699401914825,-1.7844571720982494,0.9009721448342284,-0.15319696022548537
2004-01-31,6.028929759576048,-4.947699313002155,-5.36656132521823,-0.9581785730980636,1.2738855029703817,0.1489523768481302
2004-02-29,5.9456949335397455,-4.8517083622018005,-5.324836152369601,-1.4487953525166708,0.9985871563741971,-0.048189065245681575
2004-03-31,6.05356169666954,-4.930407998990414,-4.777321806576381,-1.250348826805602,1.3161110442540336,-0.027815287231725615
2004-04-30,6.12329072616244,-5.105717812551,-4.003912104280351,-1.1951745743062392,1.1146025886814241,0.19963357184740596
2004-05-31,6.314087440828895,-5.397909282161451,-1.8091878394909973,-1.1937241505992322,1.7643381327375225,0.4397655041547913
2004-06-30,6.2713911728757425,-5.077350511897664,-0.3752342904198759,-1.3347456396971134,-0.3160609905584595,0.023793005678507465
2004-07-31,6.14770363589423,-4.799177689561669,-1.1412799875410116,-1.0566678755249233,1.3657342644117327,-0.3552427784077524
2004-08-31,6.064828579657425,-4.6049342008803595,-1.8733176097586677,-1.4241077128094868,0.41786054902488556,-0.6032545782768951
2004-09-30,5.809762390357178,-4.128275553789201,-2.1594145421611883,-0.6981237899251612,0.2692665548974821,-0.19438338983044512
2004-10-31,5.721091981111877,-3.884754709080713,-2.268689766456778,-0.004624781310641294,2.321991744415356,-0.225412601002833
2004-11-30,5.694034333926054,-3.7094124296803828,-0.5367348760779681,-0.4685016665689354,-4.0158950028595456e-05,-0.32883968151051535
2004-12-31,5.578941142344067,-3.322750390366198,-1.0068541442100942,-0.5679051747250343,0.12685047704121596,-0.9491639983385987
2005-01-31,5.237935240151202,-2.801054723149008,-6.442817284175594e-05,0.190587646386693,0.8740904035773276,-0.7920442823540141
2005-02-28,4.848407923650114,-2.2701015476390163,-1.0365680050704795e-05,0.5111604490511297,1.172484466382653,-0.8152694643366857
2005-03-31,4.96795143580365,-2.2496455132671715,-8.794757451789127e-06,0.7356556284999942,0.1454311470071745,-0.40183953002541806
2005-04-30,4.87760836210091,-2.0167239003418826,0.0003131054941728792,0.16944282004860792,0.6930107771795332,-1.202196529679971
2005-05-31,4.682984967763798,-1.7368030740785037,4.718659990922359e-05,0.0365809421346589,-0.780490809127298,-1.175316917504816
2005-06-30,4.4286599942227465,-1.3179916220833685,6.931005333677393e-06,0.0917922676088509,0.00015967051911649468,-1.53545723420132
2005-07-31,4.4353898555757985,-1.0891347819176487,-2.8612681206344103e-05,0.8150032468198015,0.05671185811674002,-1.1973223464389986
2005-08-31,4.441557578335721,-0.8808880869765635,-8.173213924165496e-06,0.8300671187361617,0.5808323093422628,-1.291967263174614
2005-09-30,4.617452044345581,-0.9431249490246418,-0.18825765949434478,1.1349560683320457,-0.07065706458460919,-0.5116968292877996
2005-10-31,4.698110899135753,-0.690025447171811,-5.940210083937797e-05,1.6662044617210872,1.099105473555063,-0.3999121000830669
2005-11-30,4.770459293128464,-0.746306655279079,-3.218871395023126e-05,0.7743444033992517,-0.4692383992864626,-1.133928423713648
2005-12-31,4.661350268650622,-0.38384125337772607,-0.22057699184955493,0.6951392254061073,-1.237535724797303,-1.1731345014225816
2006-01-31,4.6124997094728934,-0.05868584474184984,-0.8486895180957598,1.8178313132190247,0.9274339961839448,-1.0582175298245247
2006-02-28,4.558205936878371,0.13751408368349696,-0.07649442745283092,0.989301302710032,-1.7590582060783932,-1.3775143659436386
2006-03-31,4.7552120149775945,0.05090999533565671,-0.26075612735345155,1.765957255630897,-0.6860715740773607,-0.9290292798354827
2006-04-30,5.123853442427884,-0.18531662347324004,-0.61000349915201,2.0956569332335144,0.02370850966408559,-0.4771384705503876
2006-05-31,5.239153314947327,-0.23172556791246843,-0.6601775040142612,1.8134720114271194,-0.37964301234622794,-0.751999974888155
2006-06-30,5.091524046729421,0.10134499163650708,-0.3140486947577009,1.8707081191397814,-0.6130136037299239,-0.7502320952984908
2006-07-31,5.084735250639883,0.27803145488574205,-0.617421159978452,1.6955613066099515,-1.024380785728058,-0.8822732094983062
2006-08-31,5.006745489872949,0.3331010764419176,-1.264133352944035,2.0327606609994566,-0.23459483102350817,-0.8783318239338744
2006-09-30,4.912270774888823,0.3876154672489652,-1.5495215858775333,0.9540036442089909,-2.411317176824148,-1.6846678477999206
2006-10-31,4.910318237481599,0.3725407287397668,-1.4501591055014373,1.027299771944778,-3.1750838530004213,-1.4169274569134531
2006-11-30,4.738299351554306,0.5590772858383867,-1.4757800714188367,1.3665783974250536,-1.094791970025609,-1.645943794651918
2006-12-31,4.796451741982732,0.5217354220398484,-1.8366019424577622,2.0627686317468013,0.46667982727724394,-1.3892220785142735
2007-01-31,4.84246222837575,0.43479356202185204,-1.0557656221011749,1.873461825389076,-1.9856704045011662,-1.0387047793513622
2007-02-28,4.841720812981925,0.4328696545331867,-1.1892751100128072,2.344390421963927,0.4262105625325659,-1.2799464684798973
2007-03-31,4.871307196488403,0.4205394877847697,-2.0948950017797157,1.866812371551041,0.008910656529359766,-1.3630563020842834
2007-04-30,4.9996734098185,0.35542908914542143,-2.0873772105571753,1.5989070991260501,-0.6312289680828754,-1.0920046641299173
2007-05-31,4.933244573178736,0.3018181192645814,-1.464324526747525,1.769560449344584,-0.5022100651471906,-1.2766850243175447
2007-06-30,5.1234753136394104,-0.10811057163427526,-0.42584593957083694,1.6444553493238483,-0.7755801510917936,-0.8809935632552097
2007-07-31,5.124286407425791,0.08450958193865711,-1.2923113078434914,1.5460602358750253,-0.8672261646690517,-0.8667446023843272
2007-08-31,5.085044246986201,-0.3125138277879586,-2.1226643650262607,0.6255090800669555,-1.9392693514581725,-0.9328783951332391
2007-09-30,4.995670589793063,-0.5362264615689716,-2.4075271975077612,1.520322425111495,-0.15946387635112771,-0.4598928343000984
2007-10-31,5.059000435323661,-0.6066465250621412,-2.6977483034369296,1.309857576158214,-0.29349586052152593,-0.5687576915181137
2007-11-30,4.887229029836433,-1.062438869698938,-3.3569757580912456,1.463467258296604,1.224629833861208,-0.2369631977218208
2007-12-31,4.9611269814583405,-1.1890762297022164,-4.210833710811393,0.327383055661096,-1.0038562370266446,-0.21856504030102217
2008-01-31,4.809163981106125,-1.290956511590779,-5.819808040586131,0.28128724579681386,0.22580894112528593,-0.3239670276489346
2008-02-29,5.138305266808155,-2.58723157777079,-6.226971300943332,-1.2199493276286333,-0.7331207404793868,-0.2590178522987093
2008-03-31,5.0911185997678485,-3.294640851795624,-5.744558612642049,-0.7506379559373854,0.4490499964646665,0.6456272005312749
2008-04-30,5.030785187078014,-3.3567496831928345,-3.864480178588418,-1.3874603792144835,0.29064034129378397,-0.12300580800324752
2008-05-31,5.160490846257639,-3.3724523671854083,-2.876050886098005,-0.5099473766530601,1.1722295190081966,0.4224269935510421
2008-06-30,5.194540152652885,-3.0959455259334896,-2.492287677118011,-0.185677567086319,2.2672480774188633,0.5337706872469711
2008-07-31,5.038143101264641,-3.0262636592283716,-2.8584892001305082,-0.866366499840571,-0.3370580437067829,1.0778353987041351
2008-08-31,5.000607736671655,-3.0232507709057463,-3.189755142401037,-2.2003449673697255,-2.7199238161029657,0.18951410142549197
2008-09-30,4.8269831035474295,-2.927168221141559,-4.004946543445779,-3.754307819781299,-4.353073778596068,0.9230435791965333
2008-10-31,4.841730520774822,-2.8874269351594943,-6.479287747274156,-6.819413296779423,-5.405031559428911,1.4320908133610815
2008-11-30,4.737542018951242,-2.9763635062006806,-7.544303308984091,-8.452259303076676,-8.035208757385467,1.6137167374504238
2008-12-31,3.481719087094861,-2.612618671583682,-5.458731637987028,-8.354231902672796,-7.479776845516865,1.0250013517801486
2009-01-31,3.8432779856160875,-3.2417075340094486,-5.248940111933768,-5.625011201559191,-2.2997721406708314,0.8638851517418885
2009-02-28,4.309394134623731,-3.600497507793773,-5.340428889254407,-4.252985915462227,1.1361052470414696,0.1796427726965996
2009-03-31,4.38914254896411,-3.7389942381631553,-4.996283124826828,-6.062311514557639,-1.5427589554011802,1.6564633522589585
2009-04-30,4.4914285858990235,-4.0554942912418905,-4.712642436294756,-5.336366579848088,0.3826093436097775,1.8951335622903271
2009-05-31,5.027035221209994,-4.708648420543226,-5.303931867877347,-5.459837851754922,1.5173953426471805,1.4554325206288408
2009-06-30,5.2426965108496955,-5.130244692819449,-4.958351793936227,-3.923888801469957,3.6377799610447084,1.4926085171480101
2009-07-31,5.179695026377385,-5.02104108531575,-5.212896291901525,-4.826127539969546,1.8511395474212353,1.1489174266125737
2009-08-31,5.06058908451287,-5.039302797558878,-4.6491448502095905,-4.137571181832601,3.090440013960838,1.6554841662657138
2009-09-30,4.922168182524151,-4.866147954725157,-4.899511814010252,-4.554779674421769,1.6861864862065639,1.685200557627413
2009-10-31,4.965267849375074,-4.997755203444185,-4.553172705657493,-4.324491483966608,1.6957363521333444,2.5967351192647277
2009-11-30,5.198317528679014,-5.1540364349862084,-5.380840040229357,-4.795219935588812,2.8606730735690755,1.689728620988909
2009-12-31,5.40895674923126,-5.253628789959566,-5.701684364890191,-4.829378984741049,1.8935656910902936,1.2751131480818667
2010-01-31,5.49760224671061,-5.48105152851724,-5.460239143520864,-4.2669524297275006,3.279790234096257,1.1581518758451204
2010-02-28,5.543245605336997,-5.446083082011051,-5.866385358334322,-5.619664582591845,0.7485472481125297,1.6537606473499022
2010-03-31,5.539844793396287,-5.45774949628136,-5.396667863781125,-4.291987950029521,3.4585388162898902,1.2395590847710485
2010-04-30,5.520548010786593,-5.4098561407445205,-5.317339345265002,-4.523322420684594,2.4369291920958003,1.1921026781754627
2010-05-31,5.105617532080786,-4.808562899026044,-5.670963703007286,-4.52270589153086,1.4129406472585682,1.2310895341863308
2010-06-30,4.962701514430824,-4.586671762685116,-5.866219791496505,-4.891050608215615,1.2134656362964478,0.8340682283746171
2010-07-31,4.91450691785546,-4.530004710457832,-5.9700105048198795,-4.595038297222478,1.9695554148194399,0.7426432429172564
2010-08-31,4.815199731720674,-4.430029352710097,-5.874179083705308,-4.481917929111114,1.8281531388664454,0.8244892075505791
2010-09-30,4.774180370006306,-4.360460608469696,-5.987701011001038,-4.488880063392351,1.5384839675116406,0.7043867561428353
2010-10-31,5.1445823777487725,-4.685950522231406,-6.873989693386993,-4.2523594015830115,1.8166444606654564,1.0552310404149055
2010-11-30,5.624342674216335,-5.244535144860209,-6.837438672495782,-4.34167139884648,2.1780638257897698,1.2918268813458755
2010-12-31,5.4994027984364,-5.081624940623576,-6.769253969479914,-4.309310865324536,2.9214897117244116,1.1384500444891335
2011-01-31,5.637145039683638,-5.218150323352597,-7.067520753218211,-3.975651569444775,2.310737332978306,1.3328673180627428
2011-02-28,5.700786875628495,-5.432664071783807,-6.366938382989103,-4.45123829885637,1.0106576490089318,2.014710793614566
2011-03-31,5.573620121789443,-5.3037969964912355,-6.389474070429069,-4.050032716822183,3.576120244702197,1.6958848331993392
2011-04-30,5.501905913537004,-5.295355673867456,-6.166727321969846,-3.983157801327645,2.0032308768191616,1.8398941233653965
2011-05-31,5.400360017060681,-5.212780589351487,-6.249986857350054,-4.0373055185751845,1.9301918802801536,1.3843867249490458
2011-06-30,5.475949476566265,-5.171397082313295,-6.864889164164038,-4.502260175553001,1.6882222746027151,1.1288075402828162
2011-07-31,5.548411695615886,-5.214080593205399,-7.056960435178705,-4.418340509371258,1.880403793902944,1.4555380992849776
2011-08-31,4.960324330132816,-4.6309071453793065,-6.64198527781268,-4.419157019003483,1.4926473455796778,1.0318777387958147
2011-09-30,4.323664391276277,-4.072651799791953,-5.5236666166626796,-4.213142565313615,1.7835656821654444,0.12487199703797976
2011-10-31,4.027406479621019,-3.780926737194039,-5.066105496878521,-4.201640879145572,1.8132806115386015,0.21117078093656808
2011-11-30,3.9178397596548162,-3.6557775090124327,-5.094345200542626,-3.7029845107242023,2.611385333003229,0.14759584450829022
2011-12-31,3.8728463141965808,-3.6180870984619378,-4.988395539676876,-3.79191777248396,1.5330424883812723,0.09133053575810458
2012-01-31,3.975755369069442,-3.718479771666151,-5.18457654930342,-3.198735632824921,2.3698860822291765,0.3155165000619296
2012-02-29,4.135285510985316,-3.8217945637475266,-5.339283925319122,-3.759065686287543,1.712593732116792,-0.07895267918182115
2012-03-31,4.266938322505138,-3.9928426528538385,-5.085098787451598,-3.283263163209977,2.0059949568509583,0.01654141156844298
2012-04-30,4.196752019570982,-3.8772641377086092,-5.283205520136481,-3.474451291807802,1.3774791099116426,-0.1398466877575256
2012-05-31,3.937357236238831,-3.6231514352086704,-4.883478721766106,-4.065705733130687,0.636560832275557,-0.6911492132183278
2012-06-30,3.653345127833424,-3.386048696110561,-4.1899907654033814,-4.071213435686286,0.43788292700335457,-0.578795284737892
2012-07-31,3.5139497062187,-3.220459146591666,-4.362833855340139,-3.7657847648185436,1.3764539552434285,-0.4048962116925357
2012-08-31,3.6809877588292954,-3.3788871044224607,-4.616050939547391,-3.470033257274016,1.771233023025973,-0.30819354646121194
2012-09-30,3.856489266059798,-3.5254125855856686,-5.066403507179522,-3.0873911872020794,2.2817426257730116,-0.6624142241142795
2012-10-31,3.880409030408737,-3.560620415857154,-4.914362399546212,-3.215812025281097,1.1719569591746686,-0.5508946161124503
2012-11-30,3.783134235395929,-3.47226340479939,-4.759818319764885,-3.7568531334542934,0.3823214980896166,-0.9164087388017899
2012-12-31,3.869114969621801,-3.578491000278316,-4.85910540663091,-3.5361227363892236,1.7035967317751453,-0.46827087495696457
2013-01-31,4.061193589286715,-3.7888331989876356,-5.1052179523043675,-3.196787746106703,1.3763672210268476,0.032434937454686064
2013-02-28,4.183011140782715,-3.8985183574192037,-5.302951076744548,-3.00022108097996,2.1931376040208446,-0.31340790221313414
2013-03-31,4.239464874488729,-3.958180829937259,-5.38066055872171,-3.7766375538834014,0.3772393547817144,-0.5533635313611458
2013-04-30,3.9945033937912213,-3.745403780669502,-5.015806585908208,-4.062655898441878,0.1680512929546397,-0.8261331474605856
2013-05-31,4.15552632592041,-3.9517401396651346,-5.016278540765837,-3.47519415634947,1.2658987842883385,-0.5940839957481251
2013-06-30,4.321022723978331,-4.1253141463323875,-5.025662784738257,-3.32180581767017,0.8200181200734629,0.013004466868388517
2013-07-31,4.441293947298493,-4.182246144511785,-5.6798427634169135,-3.4696036668474295,1.38375852865211,-0.11917121312602304
2013-08-31,4.640317268436064,-4.3575029383813595,-6.05686825994468,-3.43078975856245,1.7310310889200078,0.048741569477636075
2013-09-30,4.648984202969659,-4.447663262157323,-5.749316171574384,-3.632231456747316,1.2935902006742714,0.1527549841576971
2013-10-31,4.636762383833034,-4.377146423493423,-5.874015510788408,-4.03123298324995,0.5463409927872961,-0.1417824176790293
2013-11-30,4.796594108383515,-4.441929822968536,-6.578950402995235,-3.334244526638707,1.6228336716273302,-0.3125985196784211
2013-12-31,4.795394504179507,-4.377053427015727,-6.800756018409225,-3.259166623631946,1.0372671637647284,-0.18899127741209368
2014-01-31,4.567048590893846,-4.238324704049883,-6.220952489020396,-3.3798431074239836,0.5902384710826459,-0.3638335191096321
2014-02-28,4.478579782353249,-4.110308911248598,-6.260008499560096,-3.4179566011889224,2.1820421700986152,-0.6872313564571728
2014-03-31,4.342556260278661,-3.981564363352257,-5.9940313613186,-2.6092466965161467,2.334320811352385,-0.35148306866147044
2014-04-30,4.139438124228227,-3.760744930416418,-5.9694958814946775,-2.5199865026121246,1.7092441516436578,-0.5526347127730102
2014-05-31,4.036849431861166,-3.830541626397247,-3.9587784846584757,-2.4711935378942353,1.1882066738440031,-0.5583035112071566
2014-06-30,4.0004706603451945,-3.655316568244852,-5.536980485337385,-2.6699613417879835,1.1137333378101986,-0.7262444897910211
2014-07-31,3.846664799233192,-3.47821689081498,-5.350277168289389,-2.4678812594247916,1.8737995088055983,-0.8560382961573174
2014-08-31,3.684541203720193,-3.3526177418997096,-5.023646997344855,-3.0431764512538426,-0.3007165510946778,-1.0398473179347616
2014-09-30,3.6872027769582623,-3.3556429936025434,-5.109030836114433,-2.4383774042539224,1.1514149716983324,-1.102924745460245
2014-10-31,3.4834011478199742,-3.1593044011680966,-4.798755862181521,-2.65510180948286,0.29380526169116616,-1.4983693122193784
2014-11-30,3.4549487068450406,-3.172462330959838,-4.507841248417074,-2.4877835251587976,0.47541241619308516,-1.663104598087637
2014-12-31,3.150768573203024,-2.8335386529043802,-3.8700232034733295,-3.3249624079735915,-1.0339881951545988,-1.6523012470035658
2015-01-31,2.7422760367104413,-2.5731426797393047,-2.9427550308274832,-3.745670226069425,-2.3358001950849805,-2.1205240755112054
2015-02-28,2.8822668661737785,-2.7568836357934514,-2.8296755228444614,-2.083101511978997,0.23431711053676804,-1.5671321139479137
2015-03-31,2.9711390554889645,-2.8135995139597525,-2.7848452197239615,-1.9476856772334052,0.6456583549834581,-1.1879774368168228
2015-04-30,3.0237390715145964,-2.89741513316494,-2.636016490258283,-1.8708863188451232,1.6673564153909577,-1.7310897337608342
2015-05-31,3.5212457839948303,-3.456025198559356,-2.7204253746015645,-1.9237813329345446,1.8388845123103414,-1.5218765800100225
2015-06-30,3.6996668952257594,-3.5897427503569266,-2.9856741791796773,-2.065303502010076,1.36758381341596,-1.564053592773802
2015-07-31,3.666828020425741,-3.5563260759771036,-2.8999121515924093,-2.202223738742174,-0.3233068763685683,-1.2416228766415167
2015-08-31,3.374464812460532,-3.190188650322695,-2.375239948823841,-2.5859411276226156,-0.5784138044264244,-1.750350491249851
2015-09-30,3.6152237449299633,-3.4715076552520014,-1.8601516909487523,-2.469533445511667,-0.09411072368341782,-1.4300652704688774
2015-10-31,3.623854750112843,-3.534629992279212,-1.5344509372337987,-2.519007102641635,-0.3045566178044932,-1.5889742306354402
2015-11-30,3.629314458050684,-3.327296791280645,-1.5458433420461164,-2.4463482842517354,0.1772697938333516,-1.6798190331147929
2015-12-31,3.638522813965616,-3.1646873085552305,2.4344331114786247e-05,-2.383069681983329,-0.6500122757414089,-2.053192024202689
2016-01-31,3.648655580107372,-3.1904436793400026,3.0207882137886694e-05,-2.29325996035693,-0.43435751779252163,-1.8569734752948635
2016-02-29,3.5254948419958776,-3.0532173503893785,-1.556908999134447,-2.4921685957943804,-0.2681448293355544,-1.8577628819169758
2016-03-31,3.56544884105647,-3.0818829048917724,-1.3692898517824224e-05,-1.8410795543722223,0.544203865463377,-1.5689244933125834
2016-04-30,3.6423097049324924,-3.253707883868896,1.415308737185072e-05,-1.3520018520194133,1.4886282845220191,-1.5208808492033206
2016-05-31,3.606870122432636,-3.163737917327759,-7.903811052334652e-05,-1.3509550352862927,1.0885473220922384,-1.8787320025591792
2016-06-30,3.7134898070663382,-3.23215154437489,-0.024541857868756258,-1.4666804278341343,1.313397677765147,-2.0833874189379205
2016-07-31,3.432934635618918,-2.9633554551941077,-0.2756886765041235,-1.7896284403487492,0.20877745945846812,-2.3958014212367
2016-08-31,3.2412326358116412,-2.752594454361865,-2.5730748987499496e-05,-1.777549119854257,-0.22116000657608356,-1.935655053782371
2016-09-30,3.355476711709571,-2.8122706071973336,0.0004121269521827969,-1.4878784399351799,0.8450814953312487,-2.137528104188386
2016-10-31,3.3668766761723674,-2.8501118642156773,-8.997326084321283e-06,-1.4185717700679683,1.3005503744108065,-2.393914332919274
2016-11-30,3.611220442769319,-3.051375552089125,0.0002130581460359519,-2.169724096741108,-0.865485687223132,-1.896238031311498
2016-12-31,3.610736331124163,-3.0054709580494454,-1.5960223527835473,-1.0547662582073143,1.8241579951237985,-2.094305683485014
2017-01-31,3.5218775947515426,-3.0215077129256724,2.0810724218890166e-05,-0.9614460265519573,0.9169351029028,-1.3055296947497466
2017-02-28,3.5752582978364056,-3.044274177705565,9.32622428943106e-05,-1.4121974786208111,0.08439483995264188,-1.425996226856401
2017-03-31,3.540373842106151,-2.634767637016947,-1.998162649932432,-2.216166098967988,-0.7345584248958079,-2.321026675398011
2017-04-30,3.5128106597637063,-2.5366263467688865,-1.9315117574789926,-0.6293920539578077,1.1713657176287458,-2.0242571256460655
2017-05-31,3.512059010576426,-2.4037245925126896,-2.1817926536425936,-1.362391588357638,-0.3924797342236006,-2.4842883028262794
2017-06-30,3.355091783762033,-2.181859005837638,-1.7438157163060122,-0.8054734272848183,0.6580848056450621,-2.5419662139278385
2017-07-31,3.3459886077145193,-2.1481171125044822,-2.0259123626288273,-1.2142826264734161,-0.6969235884313465,-2.1530152301592222
2017-08-31,3.2678852907144726,-2.053042576505228,-2.0777458349622524,-0.8671488354634835,0.07409848113574333,-1.9032485089997793
2017-09-30,3.2797239861575123,-2.0504571171312134,-1.7433663424625325,-0.6281851664925377,0.45335990584663605,-2.3984839189341
2017-10-31,3.4659319129513357,-2.215169914468243,-0.0002719770069519036,-0.02719989647185193,1.826532932196142,-2.195791004097212
2017-11-30,3.2601987302807527,-1.8586123988916383,0.0002771163540025018,-0.6284508736319703,0.1860286148441061,-2.2803395700465776
2017-12-31,3.065211363583439,-1.5320963242093641,-1.5548481986285946e-07,-0.1312761380746305,0.21355237828519433,-2.36147595969168
2018-01-31,3.0537670787776974,-1.450606111092556,3.399400022453125e-05,0.6146239989251427,1.369977622448823,-1.9924328305345236
2018-02-28,3.316919251135187,-1.6040223811122618,-2.5578942995797447e-05,0.21158088055457577,0.6720102216836334,-2.0331543384134005
2018-03-31,3.2432422694458376,-1.4096627329590035,2.133964384187358e-05,0.07031954975599208,0.3895521137167646,-2.3340208807691916
2018-04-30,3.1368657703474563,-1.2806058960819708,-9.375665033626868e-05,0.500380008693246,0.9842844827664676,-2.2663488791975963
2018-05-31,3.156904164904347,-1.3302284105841495,-2.32273410992701e-05,0.268067568539682,0.0075146921979535935,-2.190174059216409
2018-06-30,3.0320762973214737,-1.2959848121933917,1.046951293456308e-05,0.0822492720206682,-0.12335770008855491,-2.297535976449912
2018-07-31,2.9750503559797874,-1.216679747461141,-9.706263803040561e-08,0.18008440532203274,0.035721548402120294,-2.4634411576972077
2018-08-31,2.984087348368384,-1.1751116226670155,-3.1705711838060755e-05,-0.07897741006553213,-0.28376045139128386,-2.7825980311669367
2018-09-30,3.092841719177438,-1.1971958286888649,-2.950000690395904e-05,0.376574673840603,0.13514115921555014,-2.4768086386843393
2018-10-31,3.2830613153257584,-1.2133710896130374,-4.8389746987429486e-05,0.45066745490027954,-0.27841723818717223,-2.26257301856789
2018-11-30,3.3083775574596483,-1.0699752806679943,-6.085724862810488e-07,0.006948526041018564,-1.3270495961582476,-2.630286916047162
2018-12-31,3.626803113495143,-1.01787969354045,-0.7588013002827577,0.11461060376691914,-1.03035169631099,-2.3789624000797307
2019-01-31,3.5048540290538104,-0.8737936093451613,-1.5840376492928645,0.052606404126285866,-1.0351166119796082,-2.3353813745030942
2019-02-28,3.5162021495625746,-0.936409301977215,-1.6052284599836766,0.0037902901381623422,-0.7360630639981371,-2.5315461067436984
2019-03-31,3.4964845656808246,-0.8950983484033066,-2.1094983243717005,0.2906113388481928,0.14188319930231805,-2.552028717354714
2019-04-30,3.4413280570664035,-0.9117646601250882,-2.079066424170063,0.5881907355061801,0.37690051418345766,-2.76729726821543
2019-05-31,3.2295088114022032,-0.6472506579769901,-2.4852973487830985,-0.18866405538156517,-0.8260336554585808,-3.1190174230178864
2019-06-30,3.0173992728992314,-0.6182678983143777,-3.1475989365363906,-0.07972729466968634,-1.355256816151895,-2.678657552527018
2019-07-31,3.122424638407066,-0.8797804245422348,-2.9080850814969224,0.1408978369027183,-0.345681481993596,-2.7655348172892142
2019-08-31,2.5863538446591097,-0.42434701705025335,-3.1009043281101047,0.0888336347459942,0.07231478290607621,-3.129885579152952
2019-09-30,2.6714327041078114,-0.5800835813215285,-2.736072561280254,0.028493521627808698,-0.8164865522202172,-3.146661311521121
2019-10-31,2.8044219790164977,-1.00819990350778,-2.402505349414012,-0.3351911880668496,-1.1300311320678167,-2.686418100852167
2019-11-30,2.9021240731447757,-1.218642058513065,-1.7792159427437253,-0.10666802766842873,0.04221363566378073,-2.8619310683892145
2019-12-31,2.832508149900394,-1.1514228188530886,-1.5823830695866326,0.018209846501340977,-0.35370177023590094,-2.6156621377241125
2020-01-31,2.7521008176410455,-1.0703092521410211,-2.056806726995778,0.08364694401433807,-0.30217365226603177,-2.821201595774102
2020-02-29,2.4996662475821667,-0.8386244839647662,-2.5352732965704283,0.014479138491585096,-1.0322378810479749,-3.057513429885993
2020-03-31,2.4648081163765787,-1.938778385932539,-1.9316705598268702,-6.660089091075715,-14.341053699556335,-2.6473671895036497
2020-04-30,1.998382016718183,-1.798157734372731,-1.6669326979563723,-16.489835099187527,-27.592708546079297,5.467928881763377
2020-05-31,2.2745579525888218,-2.068786825516211,-2.340107301686581,-5.440940968659935,6.090272278519106,6.199928872472042
2020-06-30,2.4047753193946098,-2.1402012812996,-2.7628948734076206,-0.21066048779367424,9.796738419740818,0.7250848762268248
2020-07-31,2.1585958516780557,-1.9312380808438983,-2.5520781067022,-0.006040523166299555,6.430172758535589,0.7000009744489892
2020-08-31,2.2023603528987468,-1.9975409354807325,-2.598893311828181,-0.8371629781679849,3.0955255728997306,0.5095585106948992
2020-09-30,2.253674078461895,-2.0505045890662728,-2.7250878809201837,-1.9847457670945976,1.04078781352537,-0.46568365806334705
2020-10-31,2.3843346108238954,-2.191255064891238,-2.755961251324389,-1.758552620071501,1.235075568514722,-0.8884839455709591
2020-11-30,2.307604346239667,-2.13556512668489,-2.548956834733372,-1.7878211206414967,0.9651218556810568,-0.4150776649756383
2020-12-31,2.3052519817624426,-2.111621361896526,-2.8830483786862895,-1.2101476190187044,1.8360154505024444,-0.6263791300235412
2021-01-31,2.4444736233753015,-2.2338007810282368,-3.215747273890286,-1.2920712622320525,2.018463205951492,-0.5170833367517754
2021-02-28,2.691292227484384,-2.4847483100946723,-3.6228076481224223,-2.512658270773161,-1.5100290636823859,-0.20334354917376515
2021-03-31,2.9230819268169834,-2.650377701104701,-4.225508351774244,-0.6194144488844223,4.281010126056709,0.15296670750248187
2021-04-30,2.844904447471159,-2.5939721699751037,-4.080249500267526,0.1378612577727015,1.8072931048298142,1.1952493300751585
2021-05-31,2.909876806376666,-2.6920680527615204,-4.087260826637366,0.6079784767268903,4.03929371164019,0.6780615769415088
2021-06-30,2.6917178974906673,-2.516739356441303,-3.475686317185031,0.9709636757406632,3.697404161049454,0.24824423063373663
2021-07-31,2.455808969554404,-2.357641910207968,-2.6844685782604247,-0.053332710908518544,2.4299993517683465,-0.43265738402696174
2021-08-31,2.4112944658787887,-2.3170311789249998,-2.5476277949813997,-1.2997586173790268,0.6602841121448909,-0.981972310779425
2021-09-30,2.3414231448426266,-2.195573248081525,-2.7843620307280608,-0.81546246906,0.42413182429478513,-1.0969909098636925
2021-10-31,2.4024635171339925,-2.315872268309512,-2.520533186441044,1.6555378036346844,4.696443464884438,-0.16201291343754007
2021-11-30,2.2019609628169126,-2.092329456039735,-2.2587322004389128,1.1344102160004215,3.303365082583681,-0.5271420794697816
2021-12-31,2.1167231031036997,-2.135989223986645,-3.419120357852857e-05,0.9232977778957739,1.6987576098004236,-0.8756296827965663
2022-01-31,2.312103256312488,-2.288148036853432,7.551064762960033e-07,1.049206038560669,2.2379168358082913,-1.0517403174578863
2022-02-28,2.3443776135353005,-2.099686298360271,-4.965889756445561e-06,1.3984605512735755,3.2859432490543345,-0.8374377760540522
2022-03-31,2.4566809872720596,-2.4440550451293834,0.35882410695058564,1.235848203409118,3.201833892687304,-0.852504984044991
2022-04-30,2.9230313921499627,-2.6838957812787125,2.066125566929913,1.3624674676826678,2.0389233297468943,-1.2934491066573037
2022-05-31,3.2132821228249555,-2.6583451763818147,0.00040009627851922294,2.008114966938959,2.206405874853352,-0.6641540703323685
2022-06-30,3.3917645444356466,-2.0923100450404446,-1.0970125270822332e-05,2.712532491567388,3.0138143940417614,-0.19024911256089488
2022-07-31,3.1263257516283094,-2.2051908149891846,1.2013220476360165,0.5476313735601279,-1.1047769423953617,-1.6867265710891959
2022-08-31,4.459224141933581,-1.330493088595538,-2.1364862617563554,1.6274401275201096,-0.07718389791944988,-1.3027696517100833
2022-09-30,3.665867800612421,-0.7575276634889416,1.7792436666613796,2.5362328674249834,0.8959534732129436,-1.2768619389666946
2022-10-31,4.114613968828336,-0.6566981117457172,1.9331749821896915,2.3412015326714926,0.4497807914990094,-1.1923106124706944
2022-11-30,4.713659723845351,0.07741517613600256,-2.655292587479184,1.8014376638623526,-1.3273644661236086,-1.3779499569177769
2022-12-31,3.9894939741729822,1.0283663097503335,-2.5913383793042954,1.8122461963369225,-2.159982386436879,-1.8661504390729085
2023-01-31,4.007725079392399,1.2169914496559917,-3.2976704227569917,3.4658854372262855,1.5315240235252712,-1.4256474690292384
2023-02-28,4.256098136194645,0.8259111434467756,-2.9981590482078015,2.952767027393656,0.2497366009304927,-1.711031768878311
2023-03-31,4.337984497329689,0.5947959307846926,-3.10194609206685,2.238269558144337,-1.3476088220715032,-1.739093726141185
2023-04-30,4.062201163999069,1.4045278365319926,-3.969473476303081,3.2376494147338644,0.7775508027669187,-1.7307453552757723
2023-05-31,4.239781183546965,1.6053212958087608,-4.575436133912938,2.052394451626253,-0.8096651792842284,-1.9927649059717583
2023-06-30,4.161735261135223,1.6687563062322794,-3.5358926176686056,1.9898617306138016,-2.0682048515549836,-1.9804979466420936
2023-07-31,4.449681602316974,1.1659925175615025,-3.5749936078844473,2.50610218811375,0.11550574352764356,-2.3973969307724117
2023-08-31,4.561624131383657,1.215843505326128,-2.978073931495533,2.333070898353856,-0.4632924125476033,-1.7908984109645387
2023-09-30,4.920795859713551,0.5901478691644256,-2.6981023557883845,2.7426226713980064,0.32113509680995767,-1.445414030708751
2023-10-31,5.222004834444427,0.4718170878701196,-2.2026039403160036,1.7843256732030361,-1.465424357330912,-1.3762792011869116
2023-11-30,4.955013533871851,0.7556974989753475,-2.6768507469810294,1.949136084587216,-1.0784550459687925,-1.4785692190299375
2023-12-31,4.4210947633930875,1.3099605230321425,-3.2148173140828797,1.7077540333880332,-1.4361643794810948,-1.9342390316495832
2024-01-31,4.595515798100926,1.0417249266695108,-3.6478693476393036,2.4037112828630716,-1.375764380811446,-1.3549945999613626
2024-02-29,4.671542744611117,0.8990838349352702,-3.017798720092872,2.863494696160849,1.0095463841996826,-1.4615305882806924
2024-03-31,4.646891944410156,0.9229060352986954,-2.951510117524525,2.8278625635025416,-0.7774096752141071,-1.2719513867891987
2024-04-30,4.875694552752723,0.5478603213723523,-2.065125554555769,2.4352064241859734,-0.3291908107382295,-1.7398240563412088
2024-05-31,4.896266658493468,0.5306179363594364,-2.343855318716786,1.497820433566099,-1.3825359626236917,-2.04033055198399
2024-06-30,4.7003959920480245,0.8367261837484161,-2.6988212895923023,1.6244370026238257,-1.0922719939425443,-1.846310721447978
2024-07-31,4.779586600749356,0.7558234950849372,-3.2981858211468027,1.5684352924763734,-1.3169146806962375,-1.6681385936986253
2024-08-31,4.563880270391224,0.8844254967203535,-4.363246034193933,1.5144765809992853,-0.6154651682675849,-1.7944696118461856
2024-09-30,4.4019451288355596,0.953647460215098,-4.793908196004944,1.4479634819149374,-1.4839446831140024,-1.6964054833363238
2024-10-31,4.754265789310471,0.058181379256243136,-3.2191010060426177,1.5654895582862425,-0.7167184878740681,-1.3884988194674603
2024-11-30,4.837871668189464,-0.3276229648236587,-1.626489723112925,1.114959405231685,-0.5101927558218754,-1.428726883829565
2024-12-31,4.857573142605042,-0.5405426018501082,-1.234485938362253,1.472628574766993,0.48222979899677576,-1.6871406140130891
2025-01-31,5.135457298957602,-0.8956762937130052,-1.1699881957941693,1.866055250073048,0.16452632053374885,-0.6955261006824234
2025-02-28,5.008310465289857,-0.6990569238844055,-1.4540810114153127,1.924289754142891,0.934471995177794,-0.9873703408080486
2025-03-31,5.017455444930402,-0.6246137629258357,-2.5994198246936318,0.4236232844795539,-1.0548996316085675,-1.264313621433091
2025-04-30,5.215995409472258,-0.6931660730765898,-3.7981384011786448,1.155437913259502,-0.2836365827457516,-0.9323020576142015
2025-05-31,5.461133861910009,-1.0059503647326815,-3.553214822615883,1.0377915755489509,-0.44206826000883204,-0.953820008654897
2025-06-30,5.486192487293485,-0.9756097355171225,-3.875096024893194,1.2668874118990112,0.5606088486549612,-0.8818688425826952
2025-07-31,5.518725309767361,-0.9512726580969288,-4.120635247583229,1.4016229345480995,0.5758722516172509,-0.865829913492426
2025-08-31,5.539409272765654,-1.1679783116783125,-4.360017472978367,1.1370264995540975,-0.49801673425254633,-0.8873066119049026
2025-09-30,5.43043890365678,-1.3862252070264913,-3.8954133834037057,1.0654235932938814,0.5190799930460325,-1.324090796602768
2025-12-31,5.532387721224115,-1.8088420215024268,-3.3230385659737753,0.6792754674730509,0.3961697965597475,-0.8632144492496074
